[
{
    "fields": {
        "last_updated": "2016-08-10T08:09:46Z",
        "language": "english",
        "created": "2016-08-10T08:09:46Z",
        "notification_facility_id": null,
        "expiry_date": "2016-09-16",
        "mode": 1,
        "notification_client_id": null,
        "id_client": 4943,
        "referral_date": "2016-08-11"
    },
    "model": "referral_system.appointment",
    "pk": "A000009"
},
{
    "fields": {
        "last_updated": "2016-08-10T08:09:46Z",
        "language": "english",
        "created": "2016-08-10T08:09:46Z",
        "notification_facility_id": null,
        "expiry_date": "2016-09-16",
        "mode": 1,
        "notification_client_id": null,
        "id_client": 4944,
        "referral_date": "2016-08-11"
    },
    "model": "referral_system.appointment",
    "pk": "A000010"
},
{
    "fields": {
        "last_updated": "2016-08-10T08:09:46Z",
        "language": "english",
        "created": "2016-08-10T08:09:46Z",
        "notification_facility_id": null,
        "expiry_date": "2016-09-16",
        "mode": 1,
        "notification_client_id": null,
        "id_client": 4947,
        "referral_date": "2016-08-17"
    },
    "model": "referral_system.appointment",
    "pk": "A000011"
},
{
    "fields": {
        "last_updated": "2016-09-22T13:11:20.701Z",
        "language": "khmer",
        "created": "2016-09-22T13:11:20.701Z",
        "notification_facility_id": null,
        "expiry_date": "2016-10-22",
        "mode": 1,
        "notification_client_id": null,
        "id_client": 4955,
        "referral_date": "2016-09-22"
    },
    "model": "referral_system.appointment",
    "pk": "A000012"
},
{
    "fields": {
        "last_updated": "2016-09-22T13:21:54.489Z",
        "language": "khmer",
        "created": "2016-09-22T13:21:54.489Z",
        "notification_facility_id": null,
        "expiry_date": "2016-10-22",
        "mode": 1,
        "notification_client_id": null,
        "id_client": 4956,
        "referral_date": "2016-09-22"
    },
    "model": "referral_system.appointment",
    "pk": "A000013"
},
{
    "fields": {
        "last_updated": "2016-09-05T13:42:00.920Z",
        "language": "English",
        "created": "2016-09-05T13:42:00.920Z",
        "notification_facility_id": null,
        "expiry_date": "2016-10-06",
        "mode": 2,
        "notification_client_id": null,
        "id_client": 4954,
        "referral_date": "2016-10-05"
    },
    "model": "referral_system.appointment",
    "pk": "A0022"
},
{
    "fields": {
        "last_updated": "2016-09-02T06:53:10.499Z",
        "language": "Khmer",
        "created": "2016-09-02T06:53:10.499Z",
        "notification_facility_id": null,
        "expiry_date": "2016-10-01",
        "mode": 2,
        "notification_client_id": null,
        "id_client": 4953,
        "referral_date": "2016-09-01"
    },
    "model": "referral_system.appointment",
    "pk": "A0099"
},
{
    "fields": {
        "last_updated": "2016-08-10T08:09:46Z",
        "language": "english",
        "created": "2016-08-10T08:09:46Z",
        "notification_facility_id": null,
        "expiry_date": "2016-09-13",
        "mode": 2,
        "notification_client_id": null,
        "id_client": 4946,
        "referral_date": "2016-08-14"
    },
    "model": "referral_system.appointment",
    "pk": "M000001"
},
{
    "fields": {
        "username": "admin",
        "first_name": "Admin",
        "last_name": "Super User",
        "is_active": true,
        "is_superuser": true,
        "facility_id": null,
        "is_staff": true,
        "last_login": "2016-09-22T14:28:12.548Z",
        "groups": [
            1
        ],
        "user_permissions": [],
        "password": "pbkdf2_sha256$20000$rpTZ3FeGSfPp$pHhG8WDWY02wH3SFLxXxeuBhYaXsqvo79+pHfvVpAgA=",
        "email": "krisna.keo@mariestopes.org.kh",
        "date_joined": "2016-06-28T13:29:10Z"
    },
    "model": "referral_system.authuser",
    "pk": 1
},
{
    "fields": {
        "username": "cc@msic.org",
        "first_name": "MSIC Hotline",
        "last_name": "CONSELLOR",
        "is_active": true,
        "is_superuser": false,
        "facility_id": null,
        "is_staff": false,
        "last_login": "2016-09-22T12:39:16.946Z",
        "groups": [
            1
        ],
        "user_permissions": [],
        "password": "pbkdf2_sha256$20000$yCEGp0IUEdea$U3zkA3fGeRGJA1uLHuwuLxxRexaONyrbF5dvchdfs80=",
        "email": "cc@msic.org",
        "date_joined": "2016-07-11T11:49:54Z"
    },
    "model": "referral_system.authuser",
    "pk": 2
},
{
    "fields": {
        "username": "gfi@msic.org",
        "first_name": "Garment",
        "last_name": "Factory",
        "is_active": true,
        "is_superuser": false,
        "facility_id": "whpf8",
        "is_staff": true,
        "last_login": "2016-09-05T14:32:13.948Z",
        "groups": [
            2
        ],
        "user_permissions": [
            1,
            2,
            3,
            7,
            8,
            9,
            4,
            5,
            6,
            10,
            11,
            12,
            16,
            17,
            18,
            19,
            20,
            21,
            22,
            23,
            24,
            25,
            26,
            27,
            28,
            29,
            30,
            31,
            32,
            33,
            34,
            35,
            36,
            37,
            38,
            39,
            40,
            41,
            42,
            43,
            44,
            45,
            46,
            47,
            48,
            49,
            50,
            51,
            52,
            53,
            54,
            55,
            56,
            57,
            58,
            59,
            60,
            61,
            62,
            63,
            64,
            65,
            66,
            67,
            68,
            69,
            13,
            14,
            15
        ],
        "password": "pbkdf2_sha256$20000$fh1LTq0MJoqb$IW16yii4LeB23g9m6eq5JUbkxDjh4w20nY2jcnFzu6U=",
        "email": "gfi@msic.org",
        "date_joined": "2016-08-31T05:14:20Z",
        "facility_id": "whgf4"
    },
    "model": "referral_system.authuser",
    "pk": 3
},
{
    "fields": {
        "username": "qan@msic.org",
        "first_name": "qan",
        "last_name": "Facility",
        "is_active": true,
        "is_superuser": false,
        "facility_id": null,
        "is_staff": true,
        "last_login": null,
        "groups": [
            3
        ],
        "user_permissions": [],
        "password": "pbkdf2_sha256$20000$7IlSqIVC3wT7$rNB/5MTg+VCQdHvUYmX4tatdFZ1Tc/uuyRr1PYL0Gcc=",
        "email": "qan@msic.org",
        "date_joined": "2016-08-31T05:15:29Z",
        "facility_id": "whpf8"
    },
    "model": "referral_system.authuser",
    "pk": 4
},
{
    "fields": {
        "adr_street": "test street",
        "age": 22,
        "adr_commune": "Boeng Keng Kang Ti Muoy",
        "garment_id": "whgf4",
        "sex": "m",
        "adr_district": "Chamkar Mon",
        "phone": "1234567891",
        "adr_province": "Phnom Penh",
        "adr_village": "Phum 1",
        "occupation": "1"
    },
    "model": "referral_system.client",
    "pk": 4943
},
{
    "fields": {
        "adr_street": "",
        "age": 26,
        "adr_commune": "Ampov Prey",
        "garment_id": "0",
        "sex": "f",
        "adr_district": "Kandal Stueng",
        "phone": "9999999999",
        "adr_province": "Kandal",
        "adr_village": "Ampov Prey Ti Bei",
        "occupation": "2"
    },
    "model": "referral_system.client",
    "pk": 4944
},
{
    "fields": {
        "adr_street": "safd",
        "age": 27,
        "adr_commune": "Phsar Thmei Ti Muoy",
        "garment_id": "whgf5",
        "sex": "m",
        "adr_district": "Doun Penh",
        "phone": "8888888888",
        "adr_province": "Phnom Penh",
        "adr_village": "Phum 10",
        "occupation": "1"
    },
    "model": "referral_system.client",
    "pk": 4945
},
{
    "fields": {
        "adr_street": "tes",
        "age": 24,
        "adr_commune": "",
        "garment_id": "0",
        "sex": "f",
        "adr_district": "0",
        "phone": "8234790812",
        "adr_province": "Kandal",
        "adr_village": "",
        "occupation": "4"
    },
    "model": "referral_system.client",
    "pk": 4946
},
{
    "fields": {
        "adr_street": "",
        "age": 16,
        "adr_commune": "",
        "garment_id": "whgf1",
        "sex": "m",
        "adr_district": "0",
        "phone": "1234214235",
        "adr_province": "Kandal",
        "adr_village": "",
        "occupation": "1"
    },
    "model": "referral_system.client",
    "pk": 4947
},
{
    "fields": {
        "adr_street": "ttt",
        "age": 55,
        "adr_commune": "Anlong Romiet",
        "garment_id": "whgf5",
        "sex": "Male",
        "adr_district": "Kandal Stueng",
        "phone": "1234567890",
        "adr_province": "Kandal",
        "adr_village": "Anlong Roniet Khang Lech",
        "occupation": 1
    },
    "model": "referral_system.client",
    "pk": 4953
},
{
    "fields": {
        "adr_street": "ffgg",
        "age": 16,
        "adr_commune": "Ampov Prey",
        "garment_id": "whgf4",
        "sex": "Male",
        "adr_district": "Kandal Stueng",
        "phone": "017896889",
        "adr_province": "Kandal",
        "adr_village": "Ampov Prey Ti Bei",
        "occupation": 1
    },
    "model": "referral_system.client",
    "pk": 4954
},
{
    "fields": {
        "adr_street": "",
        "age": 14,
        "adr_commune": "Kandaol Dom",
        "garment_id": "0",
        "sex": "f",
        "adr_district": "Chbar Mon",
        "phone": "012818614",
        "adr_province": "Kampong Speu",
        "adr_village": "Srae Thnal",
        "occupation": "4"
    },
    "model": "referral_system.client",
    "pk": 4955
},
{
    "fields": {
        "adr_street": "",
        "age": 16,
        "adr_commune": "Ou Ruessei Ti Pir",
        "garment_id": "0",
        "sex": "f",
        "adr_district": "Prampir Meakkakra",
        "phone": "012818614",
        "adr_province": "Phnom Penh",
        "adr_village": "Phum 7",
        "occupation": "3"
    },
    "model": "referral_system.client",
    "pk": 4956
},
{
    "fields": {
        "occupation_name": "Garment factory worker"
    },
    "model": "referral_system.occupation",
    "pk": 1
},
{
    "fields": {
        "occupation_name": "Housewife/ husband"
    },
    "model": "referral_system.occupation",
    "pk": 2
},
{
    "fields": {
        "occupation_name": "Entertainment worker"
    },
    "model": "referral_system.occupation",
    "pk": 3
},
{
    "fields": {
        "occupation_name": "Student"
    },
    "model": "referral_system.occupation",
    "pk": 4
},
{
    "fields": {
        "occupation_name": "Farmer"
    },
    "model": "referral_system.occupation",
    "pk": 5
},
{
    "fields": {
        "occupation_name": "Unemployed"
    },
    "model": "referral_system.occupation",
    "pk": 6
},
{
    "fields": {
        "occupation_name": "Other"
    },
    "model": "referral_system.occupation",
    "pk": 7
},
{
    "fields": {
        "status": 1,
        "last_actor_id": 0,
        "last_updated": "2016-08-10T08:09:46Z",
        "other_services": "test other",
        "is_completed": null,
        "has_alternative": null,
        "provider": null,
        "facility_id": "whpf8",
        "actor_id": 3,
        "referred_services": "Cervical cancer screening;IUD removal;Implant insertion",
        "redeem_date": null,
        "referral_id": "A000009"
    },
    "model": "referral_system.referraloperation",
    "pk": 1
},
{
    "fields": {
        "status": 1,
        "last_actor_id": 0,
        "last_updated": "2016-08-10T08:09:46Z",
        "other_services": "other 2",
        "is_completed": null,
        "has_alternative": null,
        "provider": null,
        "facility_id": "whpf8",
        "actor_id": 3,
        "referred_services": "Cervical cancer screening;Other",
        "redeem_date": null,
        "referral_id": "A000010"
    },
    "model": "referral_system.referraloperation",
    "pk": 2
},
{
    "fields": {
        "status": 1,
        "last_actor_id": 0,
        "last_updated": "2016-08-10T08:09:46Z",
        "other_services": "bla bla",
        "is_completed": null,
        "has_alternative": null,
        "provider": null,
        "facility_id": "whpf8",
        "actor_id": 3,
        "referred_services": "Cervical cancer screening;IUD removal;Implant insertion",
        "redeem_date": null,
        "referral_id": "M000001"
    },
    "model": "referral_system.referraloperation",
    "pk": 3
},
{
    "fields": {
        "status": 2,
        "last_actor_id": 3,
        "last_updated": "2016-08-10T08:09:46Z",
        "other_services": "",
        "is_completed": null,
        "has_alternative": null,
        "provider": null,
        "facility_id": "whpf8",
        "actor_id": 4,
        "referred_services": "Cervical cancer screening;IUD removal",
        "redeem_date": "2016-08-30",
        "referral_id": "M000001"
    },
    "model": "referral_system.referraloperation",
    "pk": 4
},
{
    "fields": {
        "status": 1,
        "last_actor_id": 0,
        "last_updated": "2016-08-10T08:09:46Z",
        "other_services": " ",
        "is_completed": null,
        "has_alternative": null,
        "provider": null,
        "facility_id": "whpf11",
        "actor_id": 3,
        "referred_services": "IUD removal;Implant removal;Injectable",
        "redeem_date": null,
        "referral_id": "A000011"
    },
    "model": "referral_system.referraloperation",
    "pk": 5
},
{
    "fields": {
        "status": 1,
        "last_actor_id": 0,
        "last_updated": "2016-09-02T06:53:10.584Z",
        "other_services": "null",
        "is_completed": null,
        "has_alternative": null,
        "provider": null,
        "facility_id": "whpf8",
        "actor_id": 3,
        "referred_services": "Cervical cancer screening;IUD removal;Implant insertion",
        "redeem_date": null,
        "referral_id": "A0099"
    },
    "model": "referral_system.referraloperation",
    "pk": 8
},
{
    "fields": {
        "status": 2,
        "last_actor_id": 3,
        "last_updated": "2016-09-02T12:33:59.369Z",
        "other_services": "",
        "is_completed": "no",
        "has_alternative": "no",
        "provider": "Dr Son",
        "facility_id": "whpf8",
        "actor_id": 4,
        "referred_services": "Implant insertion;Cervical cancer screening",
        "redeem_date": "2016-09-03",
        "referral_id": "A0099"
    },
    "model": "referral_system.referraloperation",
    "pk": 9
},
{
    "fields": {
        "status": 1,
        "last_actor_id": null,
        "last_updated": "2016-09-05T13:42:01.133Z",
        "other_services": "services",
        "is_completed": null,
        "has_alternative": null,
        "provider": null,
        "facility_id": "whpf8",
        "actor_id": 1,
        "referred_services": "Cervical cancer screening;Implant insertion;Implant removal;",
        "redeem_date": null,
        "referral_id": "A0022"
    },
    "model": "referral_system.referraloperation",
    "pk": 10
},
{
    "fields": {
        "status": 2,
        "last_actor_id": 0,
        "last_updated": "2016-09-05T14:22:16.061Z",
        "other_services": "",
        "is_completed": "yes",
        "has_alternative": "yes",
        "provider": "Dr HH",
        "facility_id": "whgf4",
        "actor_id": 1,
        "referred_services": "Cervical cancer screening;Implant removal",
        "redeem_date": "2016-09-05",
        "referral_id": "A0022"
    },
    "model": "referral_system.referraloperation",
    "pk": 11
},
{
    "fields": {
        "status": 2,
        "last_actor_id": 0,
        "last_updated": "2016-09-05T14:23:10.168Z",
        "other_services": "",
        "is_completed": "yes",
        "has_alternative": "no",
        "provider": "Dr bb",
        "facility_id": "whgf4",
        "actor_id": 1,
        "referred_services": "IUD removal;Injectable",
        "redeem_date": "2016-09-05",
        "referral_id": "A000011"
    },
    "model": "referral_system.referraloperation",
    "pk": 12
},
{
    "fields": {
        "status": 1,
        "last_actor_id": 2,
        "last_updated": "2016-09-22T13:11:20.731Z",
        "other_services": " ",
        "is_completed": null,
        "has_alternative": null,
        "provider": null,
        "facility_id": "whpf9",
        "actor_id": 2,
        "referred_services": "Pills;IUD Insertion",
        "redeem_date": null,
        "referral_id": "A000012"
    },
    "model": "referral_system.referraloperation",
    "pk": 13
},
{
    "fields": {
        "status": 1,
        "last_actor_id": 2,
        "last_updated": "2016-09-22T13:21:54.498Z",
        "other_services": " ",
        "is_completed": null,
        "has_alternative": null,
        "provider": null,
        "facility_id": "whpf14",
        "actor_id": 2,
        "referred_services": "Pills;IUD Insertion",
        "redeem_date": null,
        "referral_id": "A000013"
    },
    "model": "referral_system.referraloperation",
    "pk": 14
},
{
    "fields": {
        "created": "2016-08-10T08:09:46Z"
    },
    "model": "referral_system.referredservices",
    "pk": "Cervical cancer screening"
},
{
    "fields": {
        "created": "2016-08-10T08:09:46Z"
    },
    "model": "referral_system.referredservices",
    "pk": "Implant insertion"
},
{
    "fields": {
        "created": "2016-08-10T08:09:46Z"
    },
    "model": "referral_system.referredservices",
    "pk": "Implant removal"
},
{
    "fields": {
        "created": "2016-08-10T08:09:46Z"
    },
    "model": "referral_system.referredservices",
    "pk": "Injectable"
},
{
    "fields": {
        "created": "2016-08-10T08:09:46Z"
    },
    "model": "referral_system.referredservices",
    "pk": "IUD Insertion"
},
{
    "fields": {
        "created": "2016-08-10T08:09:46Z"
    },
    "model": "referral_system.referredservices",
    "pk": "IUD removal"
},
{
    "fields": {
        "created": "2016-08-10T08:09:46Z"
    },
    "model": "referral_system.referredservices",
    "pk": "Other"
},
{
    "fields": {
        "created": "2016-08-10T08:09:46Z"
    },
    "model": "referral_system.referredservices",
    "pk": "Pills"
},
{
    "fields": {
        "created": "2016-08-10T08:09:46Z"
    },
    "model": "referral_system.referredservices",
    "pk": "STI screening and testing"
},
{
    "fields": {
        "created": "2016-08-10T08:09:46Z"
    },
    "model": "referral_system.referredservices",
    "pk": "Voluntary permanent method"
},
{
    "fields": {},
    "model": "referral_system.vouchercode",
    "pk": "A000001"
},
{
    "fields": {},
    "model": "referral_system.vouchercode",
    "pk": "A000002"
},
{
    "fields": {},
    "model": "referral_system.vouchercode",
    "pk": "A000003"
},
{
    "fields": {},
    "model": "referral_system.vouchercode",
    "pk": "A000004"
},
{
    "fields": {},
    "model": "referral_system.vouchercode",
    "pk": "A000005"
},
{
    "fields": {},
    "model": "referral_system.vouchercode",
    "pk": "A000006"
},
{
    "fields": {},
    "model": "referral_system.vouchercode",
    "pk": "A000007"
},
{
    "fields": {},
    "model": "referral_system.vouchercode",
    "pk": "A000008"
},
{
    "fields": {},
    "model": "referral_system.vouchercode",
    "pk": "A000009"
},
{
    "fields": {},
    "model": "referral_system.vouchercode",
    "pk": "A000010"
},
{
    "fields": {},
    "model": "referral_system.vouchercode",
    "pk": "A000011"
},
{
    "fields": {},
    "model": "referral_system.vouchercode",
    "pk": "A000012"
},
{
    "fields": {},
    "model": "referral_system.vouchercode",
    "pk": "A000013"
}
]
